Datetime,Open,High,Low,Close,Volume,Dividends,Stock Splits
2026-03-04 20:00:00+05:30,401.1619873046875,405.4800109863281,400.30999755859375,404.7300109863281,2952023,0.0,0.0
2026-03-04 20:05:00+05:30,404.7000122070313,405.6799926757813,403.4700012207031,404.6672973632813,759247,0.0,0.0
2026-03-04 20:10:00+05:30,404.6281127929688,404.6300048828125,402.3945007324219,403.3699951171875,457527,0.0,0.0
2026-03-04 20:15:00+05:30,403.260009765625,404.55999755859375,402.6600036621094,403.3800048828125,434623,0.0,0.0
2026-03-04 20:20:00+05:30,403.30999755859375,405.6799926757813,402.6600036621094,405.4100036621094,462236,0.0,0.0
2026-03-04 20:25:00+05:30,405.4200134277344,406.2000122070313,405.010009765625,405.7200012207031,450308,0.0,0.0
2026-03-04 20:30:00+05:30,405.7200012207031,406.5834045410156,403.6300048828125,404.2099914550781,641004,0.0,0.0
2026-03-04 20:35:00+05:30,404.2000122070313,404.989990234375,403.79010009765625,404.7650146484375,385335,0.0,0.0
2026-03-04 20:40:00+05:30,404.7139892578125,404.9500122070313,403.2999877929688,403.5,364272,0.0,0.0
2026-03-04 20:45:00+05:30,403.5249938964844,404.7300109863281,403.0499877929688,404.510009765625,344375,0.0,0.0
2026-03-04 20:50:00+05:30,404.5199890136719,405.447509765625,404.0299987792969,405.1499938964844,315523,0.0,0.0
2026-03-04 20:55:00+05:30,405.1698913574219,405.5499877929688,404.7000122070313,405.3214111328125,343082,0.0,0.0
2026-03-04 21:00:00+05:30,405.375,405.4800109863281,404.3599853515625,404.3599853515625,276686,0.0,0.0
2026-03-04 21:05:00+05:30,404.4059143066406,405.260009765625,404.1000061035156,404.4200134277344,250248,0.0,0.0
2026-03-04 21:10:00+05:30,404.3999938964844,404.5398864746094,403.1300048828125,403.4501037597656,467610,0.0,0.0
2026-03-04 21:15:00+05:30,403.510009765625,404.1400146484375,403.2200012207031,404.0501098632813,311581,0.0,0.0
2026-03-04 21:20:00+05:30,404.114990234375,404.3399963378906,403.6675109863281,404.239990234375,244553,0.0,0.0
2026-03-04 21:25:00+05:30,404.2799987792969,405.2326965332031,403.9200134277344,405.1199951171875,328673,0.0,0.0
2026-03-04 21:30:00+05:30,405.1499938964844,405.3999938964844,404.8299865722656,404.8507080078125,254719,0.0,0.0
2026-03-04 21:35:00+05:30,404.8999938964844,405.0899963378906,404.3200073242188,404.9501037597656,224596,0.0,0.0
2026-03-04 21:40:00+05:30,404.9200134277344,405.2999877929688,404.3200073242188,404.489990234375,195651,0.0,0.0
2026-03-04 21:45:00+05:30,404.489990234375,405.375,404.1799926757813,405.2099914550781,269043,0.0,0.0
2026-03-04 21:50:00+05:30,405.1799926757813,405.7000122070313,404.8550109863281,405.1499938964844,316488,0.0,0.0
2026-03-04 21:55:00+05:30,405.1499938964844,405.7300109863281,405.1050109863281,405.6300048828125,208882,0.0,0.0
2026-03-04 22:00:00+05:30,405.6300048828125,406.0199890136719,405.5400085449219,405.8550109863281,202675,0.0,0.0
2026-03-04 22:05:00+05:30,405.8599853515625,406.3200073242188,405.5499877929688,406.0,258975,0.0,0.0
2026-03-04 22:10:00+05:30,405.9800109863281,406.9700012207031,405.8200073242188,406.4649963378906,322052,0.0,0.0
2026-03-04 22:15:00+05:30,406.4400024414063,406.9200134277344,406.3200073242188,406.3800964355469,273222,0.0,0.0
2026-03-04 22:20:00+05:30,406.4200134277344,406.4400024414063,405.4800109863281,405.7300109863281,197987,0.0,0.0
2026-03-04 22:25:00+05:30,405.7699890136719,405.8998107910156,405.02630615234375,405.1400146484375,198449,0.0,0.0
2026-03-04 22:30:00+05:30,405.1513977050781,406.010009765625,404.7300109863281,406.010009765625,250855,0.0,0.0
2026-03-04 22:35:00+05:30,406.010009765625,407.7000122070313,405.9400024414063,407.4949951171875,745722,0.0,0.0
2026-03-04 22:40:00+05:30,407.5,408.3411865234375,407.2001037597656,407.8150024414063,809590,0.0,0.0
2026-03-04 22:45:00+05:30,407.7999877929688,408.39990234375,407.2049865722656,408.3799133300781,396728,0.0,0.0
2026-03-04 22:50:00+05:30,408.2999877929688,408.6900024414063,407.7099914550781,408.6900024414063,414595,0.0,0.0
2026-03-04 22:55:00+05:30,408.7000122070313,408.9599914550781,407.260009765625,407.2699890136719,311978,0.0,0.0
2026-03-04 23:00:00+05:30,407.30999755859375,408.3900146484375,406.9299926757813,408.1499938964844,243806,0.0,0.0
2026-03-04 23:05:00+05:30,408.1400146484375,408.8399963378906,408.1400146484375,408.7449951171875,223869,0.0,0.0
2026-03-04 23:10:00+05:30,408.7449951171875,409.1499938964844,408.1799926757813,408.3200073242188,217052,0.0,0.0
2026-03-04 23:15:00+05:30,408.34130859375,408.7799987792969,408.1000061035156,408.5299987792969,108092,0.0,0.0
2026-03-04 23:20:00+05:30,408.55999755859375,408.6499938964844,406.4100036621094,406.8049926757813,444163,0.0,0.0
2026-03-04 23:25:00+05:30,406.8049926757813,408.1600036621094,406.1099853515625,407.9800109863281,311227,0.0,0.0
2026-03-04 23:30:00+05:30,407.9137878417969,409.3299865722656,407.8699951171875,408.9700012207031,537117,0.0,0.0
2026-03-04 23:35:00+05:30,408.9649963378906,409.8800048828125,408.8399963378906,409.7550048828125,382240,0.0,0.0
2026-03-04 23:40:00+05:30,409.7550048828125,410.489990234375,409.3500061035156,409.9700012207031,614963,0.0,0.0
2026-03-04 23:45:00+05:30,409.9700012207031,410.2099914550781,409.6600036621094,410.125,275133,0.0,0.0
2026-03-04 23:50:00+05:30,410.1000061035156,410.1400146484375,409.5,409.875,355838,0.0,0.0
2026-03-04 23:55:00+05:30,409.8999938964844,410.2232971191406,409.7250061035156,410.0700073242188,364401,0.0,0.0
2026-03-05 00:00:00+05:30,410.0450134277344,410.6900024414063,410.0450134277344,410.5250854492188,275204,0.0,0.0
2026-03-05 00:05:00+05:30,410.5199890136719,411.0325927734375,410.2099914550781,410.5150146484375,306869,0.0,0.0
2026-03-05 00:10:00+05:30,410.510009765625,410.7149963378906,410.0799865722656,410.260009765625,230334,0.0,0.0
2026-03-05 00:15:00+05:30,410.260009765625,410.4800109863281,409.9400024414063,410.4400024414063,185317,0.0,0.0
2026-03-05 00:20:00+05:30,410.4500122070313,410.6799926757813,409.9700012207031,410.05999755859375,161754,0.0,0.0
2026-03-05 00:25:00+05:30,410.0350036621094,410.0499877929688,409.0199890136719,409.2000122070313,243801,0.0,0.0
2026-03-05 00:30:00+05:30,409.2300109863281,409.8399963378906,409.1900024414063,409.6776123046875,133500,0.0,0.0
2026-03-05 00:35:00+05:30,409.6950073242188,410.1600036621094,409.5799865722656,409.7200012207031,169926,0.0,0.0
2026-03-05 00:40:00+05:30,409.7677917480469,410.0499877929688,409.340087890625,409.3599853515625,152651,0.0,0.0
2026-03-05 00:45:00+05:30,409.385009765625,409.4700012207031,408.9500122070313,409.2999877929688,156220,0.0,0.0
2026-03-05 00:50:00+05:30,409.3179931640625,409.3699951171875,408.9599914550781,409.2900085449219,162026,0.0,0.0
2026-03-05 00:55:00+05:30,409.2999877929688,409.30999755859375,408.6700134277344,409.0199890136719,166806,0.0,0.0
2026-03-05 01:00:00+05:30,408.9869995117188,409.1698913574219,408.8500061035156,409.05999755859375,125918,0.0,0.0
2026-03-05 01:05:00+05:30,409.05999755859375,409.5400085449219,408.9500122070313,409.5,131905,0.0,0.0
2026-03-05 01:10:00+05:30,409.5199890136719,409.7300109863281,409.3299865722656,409.6900024414063,156431,0.0,0.0
2026-03-05 01:15:00+05:30,409.6950073242188,409.7699890136719,409.3800048828125,409.5950012207031,152259,0.0,0.0
2026-03-05 01:20:00+05:30,409.6199951171875,409.9299926757813,409.5450134277344,409.614990234375,166096,0.0,0.0
2026-03-05 01:25:00+05:30,409.614990234375,409.6600036621094,409.1900024414063,409.2900085449219,156434,0.0,0.0
2026-03-05 01:30:00+05:30,409.2900085449219,409.4486083984375,409.0201110839844,409.1648864746094,149758,0.0,0.0
2026-03-05 01:35:00+05:30,409.1700134277344,409.2200012207031,408.1831970214844,408.4800109863281,238502,0.0,0.0
2026-03-05 01:40:00+05:30,408.5199890136719,408.5199890136719,408.1300048828125,408.5,222921,0.0,0.0
2026-03-05 01:45:00+05:30,408.489990234375,408.5350036621094,407.6799926757813,407.7298889160156,258148,0.0,0.0
2026-03-05 01:50:00+05:30,407.6700134277344,408.1199951171875,407.4400024414063,407.9400024414063,241656,0.0,0.0
2026-03-05 01:55:00+05:30,407.9500122070313,408.1799926757813,407.0299987792969,407.9831848144531,222830,0.0,0.0
2026-03-05 02:00:00+05:30,407.9700012207031,408.1799926757813,407.239990234375,407.25,270436,0.0,0.0
2026-03-05 02:05:00+05:30,407.25,407.7699890136719,406.7999877929688,406.9700012207031,337137,0.0,0.0
2026-03-05 02:10:00+05:30,406.93499755859375,407.239990234375,406.8299865722656,406.9100036621094,384002,0.0,0.0
2026-03-05 02:15:00+05:30,406.9100036621094,407.2398986816406,406.4500122070313,406.9049987792969,321172,0.0,0.0
2026-03-05 02:20:00+05:30,406.8900146484375,407.1000061035156,406.0,406.1900024414063,964112,0.0,0.0
2026-03-05 02:25:00+05:30,406.1900024414063,406.2000122070313,405.0,405.0,1764328,0.0,0.0
2026-03-05 20:00:00+05:30,404.43499755859375,407.8500061035156,404.3999938964844,407.239990234375,2698718,0.0,0.0
2026-03-05 20:05:00+05:30,407.2200012207031,408.739990234375,406.4500122070313,407.9498901367188,669437,0.0,0.0
2026-03-05 20:10:00+05:30,407.8980102539063,409.3938903808594,407.4299926757813,408.9649963378906,474713,0.0,0.0
2026-03-05 20:15:00+05:30,408.9999084472656,410.3800048828125,408.5700073242188,409.1650085449219,762622,0.0,0.0
2026-03-05 20:20:00+05:30,409.1982116699219,410.8800048828125,408.7999877929688,410.8150024414063,514663,0.0,0.0
2026-03-05 20:25:00+05:30,410.7900085449219,411.0899963378906,409.7999877929688,410.8500061035156,686907,0.0,0.0
2026-03-05 20:30:00+05:30,410.8399963378906,411.6099853515625,409.9800109863281,410.4700012207031,714704,0.0,0.0
2026-03-05 20:35:00+05:30,410.4849853515625,411.0499877929688,410.0299987792969,410.6050109863281,371425,0.0,0.0
2026-03-05 20:40:00+05:30,410.6050109863281,411.2000122070313,409.8900146484375,411.1099853515625,482776,0.0,0.0
2026-03-05 20:45:00+05:30,411.1000061035156,411.2300109863281,409.7200012207031,409.8550109863281,520145,0.0,0.0
2026-03-05 20:50:00+05:30,409.8200073242188,409.8550109863281,407.6499938964844,407.8706970214844,528478,0.0,0.0
2026-03-05 20:55:00+05:30,407.8900146484375,408.260009765625,406.9800109863281,407.3599853515625,461042,0.0,0.0
2026-03-05 21:00:00+05:30,407.4100036621094,407.4200134277344,405.8800048828125,406.2850036621094,535508,0.0,0.0
2026-03-05 21:05:00+05:30,406.2900085449219,407.7000122070313,405.9200134277344,407.5499877929688,370307,0.0,0.0
2026-03-05 21:10:00+05:30,407.614990234375,408.3999938964844,407.0199890136719,407.6900024414063,304407,0.0,0.0
2026-03-05 21:15:00+05:30,407.6199951171875,408.6799926757813,407.4800109863281,407.9150085449219,234475,0.0,0.0
2026-03-05 21:20:00+05:30,407.9100036621094,408.635009765625,407.8299865722656,408.3699951171875,238471,0.0,0.0
2026-03-05 21:25:00+05:30,408.3699951171875,408.4699096679688,406.7000122070313,407.1300048828125,301469,0.0,0.0
2026-03-05 21:30:00+05:30,407.15618896484375,407.5,406.7900085449219,407.0650024414063,246501,0.0,0.0
2026-03-05 21:35:00+05:30,407.1199951171875,407.5700073242188,406.3500061035156,406.3900146484375,266624,0.0,0.0
2026-03-05 21:40:00+05:30,406.3699951171875,406.4093933105469,405.489990234375,405.9200134277344,376650,0.0,0.0
2026-03-05 21:45:00+05:30,405.8999938964844,406.3200073242188,405.5499877929688,405.6000061035156,318673,0.0,0.0
2026-03-05 21:50:00+05:30,405.5950012207031,407.1499938964844,405.5552062988281,406.7950134277344,306556,0.0,0.0
2026-03-05 21:55:00+05:30,406.7999877929688,407.5,406.5499877929688,406.6449890136719,258377,0.0,0.0
2026-03-05 22:00:00+05:30,406.6000061035156,407.5450134277344,406.4200134277344,407.3200073242188,339153,0.0,0.0
2026-03-05 22:05:00+05:30,407.2799987792969,409.1900024414063,407.239990234375,408.93499755859375,285973,0.0,0.0
2026-03-05 22:10:00+05:30,408.9200134277344,409.2699890136719,407.7349853515625,407.760009765625,259906,0.0,0.0
2026-03-05 22:15:00+05:30,407.7850036621094,408.4800109863281,407.7056884765625,408.0700073242188,184992,0.0,0.0
2026-03-05 22:20:00+05:30,408.1000061035156,408.6199951171875,408.0201110839844,408.2799072265625,162482,0.0,0.0
2026-03-05 22:25:00+05:30,408.2900085449219,410.6499938964844,408.2900085449219,410.4299926757813,356568,0.0,0.0
2026-03-05 22:30:00+05:30,410.4299926757813,411.3200073242188,409.9200134277344,411.231201171875,349712,0.0,0.0
2026-03-05 22:35:00+05:30,411.2099914550781,411.6000061035156,410.6700134277344,410.6749877929688,382116,0.0,0.0
2026-03-05 22:40:00+05:30,410.6700134277344,411.2999877929688,409.9339904785156,410.760009765625,361785,0.0,0.0
2026-03-05 22:45:00+05:30,410.7900085449219,410.7900085449219,409.2200012207031,409.2850036621094,324109,0.0,0.0
2026-03-05 22:50:00+05:30,409.260009765625,410.0,409.1600036621094,409.7900085449219,325122,0.0,0.0
2026-03-05 22:55:00+05:30,409.7799987792969,410.2799987792969,409.0201110839844,409.2900085449219,318701,0.0,0.0
2026-03-05 23:00:00+05:30,409.2900085449219,409.7200012207031,408.7999877929688,409.2739868164063,467284,0.0,0.0
2026-03-05 23:05:00+05:30,409.3299865722656,410.7300109863281,409.3299865722656,410.5,331256,0.0,0.0
2026-03-05 23:10:00+05:30,410.5101013183594,411.0799865722656,409.5899963378906,409.9800109863281,356775,0.0,0.0
2026-03-05 23:15:00+05:30,410.010009765625,410.0499877929688,409.135986328125,409.2099914550781,222410,0.0,0.0
2026-03-05 23:20:00+05:30,409.2300109863281,410.55999755859375,408.9500122070313,409.3299865722656,415825,0.0,0.0
2026-03-05 23:25:00+05:30,409.3599853515625,409.3599853515625,408.4500122070313,408.7300109863281,631646,0.0,0.0
2026-03-05 23:30:00+05:30,408.7000122070313,409.8200073242188,408.1199951171875,409.6000061035156,228196,0.0,0.0
2026-03-05 23:35:00+05:30,409.5950012207031,410.2799987792969,409.2699890136719,409.7550048828125,217868,0.0,0.0
2026-03-05 23:40:00+05:30,409.7550048828125,410.1600036621094,409.1701049804688,410.1000061035156,216984,0.0,0.0
2026-03-05 23:45:00+05:30,410.0499877929688,410.239990234375,408.3599853515625,408.3999938964844,243317,0.0,0.0
2026-03-05 23:50:00+05:30,408.4164123535156,409.2149963378906,408.30999755859375,409.10009765625,289075,0.0,0.0
2026-03-05 23:55:00+05:30,409.1499938964844,409.25,408.1499938964844,408.5400085449219,174339,0.0,0.0
2026-03-06 00:00:00+05:30,408.5,409.0,407.9200134277344,408.239990234375,206315,0.0,0.0
2026-03-06 00:05:00+05:30,408.2550048828125,408.4100036621094,407.6000061035156,407.7485961914063,183052,0.0,0.0
2026-03-06 00:10:00+05:30,407.7699890136719,409.6050109863281,407.7699890136719,409.4800109863281,240915,0.0,0.0
2026-03-06 00:15:00+05:30,409.4800109863281,409.739990234375,408.6700134277344,409.1247863769531,210209,0.0,0.0
2026-03-06 00:20:00+05:30,409.1000061035156,409.114990234375,407.7799987792969,407.8999938964844,167143,0.0,0.0
2026-03-06 00:25:00+05:30,407.9299926757813,408.5650024414063,407.7900085449219,408.1799926757813,184905,0.0,0.0
2026-03-06 00:30:00+05:30,408.2000122070313,408.7998962402344,407.9599914550781,408.1828002929688,166157,0.0,0.0
2026-03-06 00:35:00+05:30,408.1600036621094,409.0700073242188,408.1400146484375,409.0400085449219,165897,0.0,0.0
2026-03-06 00:40:00+05:30,409.04888916015625,409.5492858886719,408.6000061035156,409.3049926757813,204186,0.0,0.0
2026-03-06 00:45:00+05:30,409.3250122070313,409.3800048828125,408.25,408.9800109863281,166430,0.0,0.0
2026-03-06 00:50:00+05:30,409.0593872070313,409.5,408.6000061035156,409.0199890136719,218561,0.0,0.0
2026-03-06 00:55:00+05:30,409.0549926757813,409.3481140136719,408.6300048828125,409.25,202343,0.0,0.0
2026-03-06 01:00:00+05:30,409.1700134277344,409.1700134277344,408.0899963378906,408.4800109863281,208047,0.0,0.0
2026-03-06 01:05:00+05:30,408.4800109863281,408.8500061035156,407.8330078125,408.7799987792969,234233,0.0,0.0
2026-03-06 01:10:00+05:30,408.7511901855469,409.2000122070313,408.6400146484375,409.1799926757813,408489,0.0,0.0
2026-03-06 01:15:00+05:30,409.25,409.8399963378906,408.8900146484375,409.614990234375,205579,0.0,0.0
2026-03-06 01:20:00+05:30,409.6400146484375,410.05999755859375,409.2850036621094,409.2950134277344,235874,0.0,0.0
2026-03-06 01:25:00+05:30,409.2799987792969,409.7000122070313,408.8200073242188,409.5621948242188,378169,0.0,0.0
2026-03-06 01:30:00+05:30,409.6000061035156,410.1499938964844,408.7200012207031,409.7699890136719,435327,0.0,0.0
2026-03-06 01:35:00+05:30,409.7900085449219,410.4400024414063,409.1300048828125,410.2300109863281,349391,0.0,0.0
2026-03-06 01:40:00+05:30,410.239990234375,410.5799865722656,409.0,409.2349853515625,292155,0.0,0.0
2026-03-06 01:45:00+05:30,409.239990234375,409.9400024414063,408.8001098632813,409.2250061035156,319356,0.0,0.0
2026-03-06 01:50:00+05:30,409.2250061035156,409.8299865722656,409.0299987792969,409.760009765625,796688,0.0,0.0
2026-03-06 01:55:00+05:30,409.7699890136719,410.3999938964844,409.7000122070313,409.8999938964844,315216,0.0,0.0
2026-03-06 02:00:00+05:30,409.9299926757813,410.54638671875,409.6499938964844,410.30999755859375,369647,0.0,0.0
2026-03-06 02:05:00+05:30,410.2999877929688,410.5299987792969,409.9100036621094,410.010009765625,265969,0.0,0.0
2026-03-06 02:10:00+05:30,410.010009765625,410.1700134277344,409.5,409.7000122070313,475951,0.0,0.0
2026-03-06 02:15:00+05:30,409.7000122070313,410.5799865722656,409.0779113769531,410.5799865722656,896877,0.0,0.0
2026-03-06 02:20:00+05:30,410.6000061035156,411.30999755859375,409.7999877929688,410.4299926757813,758355,0.0,0.0
2026-03-06 02:25:00+05:30,410.489990234375,411.0299987792969,409.93499755859375,410.7200012207031,1462294,0.0,0.0
2026-03-06 20:00:00+05:30,409.29998779296875,412.89990234375,408.95001220703125,411.70001220703125,2552061,0.0,0.0
2026-03-06 20:05:00+05:30,411.8500061035156,412.30999755859375,409.510009765625,411.87799072265625,754060,0.0,0.0
2026-03-06 20:10:00+05:30,411.9289855957031,413.04998779296875,411.010009765625,411.17498779296875,728708,0.0,0.0
2026-03-06 20:15:00+05:30,411.1300048828125,411.20001220703125,409.29998779296875,409.9100036621094,584716,0.0,0.0
2026-03-06 20:20:00+05:30,409.8800048828125,411.1400146484375,409.6400146484375,410.2300109863281,390785,0.0,0.0
2026-03-06 20:25:00+05:30,410.25,410.9798889160156,409.3900146484375,410.614990234375,308017,0.0,0.0
2026-03-06 20:30:00+05:30,410.6199951171875,411.260009765625,410.0,410.7850036621094,408995,0.0,0.0
2026-03-06 20:35:00+05:30,410.7950134277344,411.75,409.1199951171875,409.3299865722656,390311,0.0,0.0
2026-03-06 20:40:00+05:30,409.3900146484375,411.6400146484375,409.3299865722656,411.3800048828125,375328,0.0,0.0
2026-03-06 20:45:00+05:30,411.3450012207031,411.4599914550781,410.3254089355469,410.3900146484375,260008,0.0,0.0
2026-03-06 20:50:00+05:30,410.4397888183594,411.3800048828125,410.19000244140625,410.7799987792969,254929,0.0,0.0
2026-03-06 20:55:00+05:30,410.70001220703125,411.3800048828125,410.41290283203125,411.3500061035156,207582,0.0,0.0
2026-03-06 21:00:00+05:30,411.32000732421875,412.5,411.25,412.1900939941406,432275,0.0,0.0
2026-03-06 21:05:00+05:30,412.1900939941406,412.9800109863281,411.8299865722656,412.5299987792969,364239,0.0,0.0
2026-03-06 21:10:00+05:30,412.5022888183594,412.5238037109375,410.5799865722656,411.3949890136719,296521,0.0,0.0
2026-03-06 21:15:00+05:30,411.385986328125,411.6700134277344,410.5,410.6099853515625,203474,0.0,0.0
2026-03-06 21:20:00+05:30,410.5199890136719,410.5199890136719,409.4200134277344,409.8399963378906,237540,0.0,0.0
2026-03-06 21:25:00+05:30,409.8500061035156,411.4800109863281,409.8500061035156,411.1050109863281,208731,0.0,0.0
2026-03-06 21:30:00+05:30,411.1300048828125,412.8500061035156,410.94000244140625,412.7049865722656,291667,0.0,0.0
2026-03-06 21:35:00+05:30,412.70001220703125,412.75,412.0400085449219,412.07000732421875,274437,0.0,0.0
2026-03-06 21:40:00+05:30,412.07000732421875,412.5,411.7300109863281,412.2489929199219,185214,0.0,0.0
2026-03-06 21:45:00+05:30,412.2099914550781,412.8399963378906,411.79998779296875,412.6600036621094,199441,0.0,0.0
2026-03-06 21:50:00+05:30,412.6549987792969,412.7799987792969,411.4800109863281,412.2598876953125,321686,0.0,0.0
2026-03-06 21:55:00+05:30,412.260009765625,412.3299865722656,411.70001220703125,412.07000732421875,159083,0.0,0.0
2026-03-06 22:00:00+05:30,412.0270080566406,412.2300109863281,411.4704895019531,411.5274963378906,187345,0.0,0.0
2026-03-06 22:05:00+05:30,411.5,412.56988525390625,411.45001220703125,412.2900085449219,138854,0.0,0.0
2026-03-06 22:10:00+05:30,412.2799987792969,412.3699951171875,411.0400085449219,411.07000732421875,152701,0.0,0.0
2026-03-06 22:15:00+05:30,411.1214904785156,412.3999938964844,411.1199951171875,412.2950134277344,173032,0.0,0.0
2026-03-06 22:20:00+05:30,412.2799987792969,412.8699951171875,411.7900085449219,411.9100036621094,240525,0.0,0.0
2026-03-06 22:25:00+05:30,411.93499755859375,412.20001220703125,411.55999755859375,411.8999938964844,133923,0.0,0.0
2026-03-06 22:30:00+05:30,411.8699951171875,412.70001220703125,411.5299987792969,412.4100036621094,175549,0.0,0.0
2026-03-06 22:35:00+05:30,412.4200134277344,412.5199890136719,411.07000732421875,411.3930969238281,201424,0.0,0.0
2026-03-06 22:40:00+05:30,411.3200988769531,411.5299987792969,410.70001220703125,410.90008544921875,191119,0.0,0.0
2026-03-06 22:45:00+05:30,410.8800048828125,411.1499938964844,410.6000061035156,410.8840026855469,176847,0.0,0.0
2026-03-06 22:50:00+05:30,410.9700012207031,411.45001220703125,410.4700012207031,411.010009765625,136220,0.0,0.0
2026-03-06 22:55:00+05:30,410.95001220703125,411.0799865722656,410.20001220703125,410.69000244140625,147965,0.0,0.0
2026-03-06 23:00:00+05:30,410.7099914550781,410.8699951171875,410.3450012207031,410.4549865722656,369519,0.0,0.0
2026-03-06 23:05:00+05:30,410.4700012207031,410.56500244140625,409.3599853515625,409.6199951171875,182283,0.0,0.0
2026-03-06 23:10:00+05:30,409.6000061035156,409.885009765625,408.7699890136719,409.32000732421875,216337,0.0,0.0
2026-03-06 23:15:00+05:30,409.3500061035156,410.04998779296875,408.8800048828125,409.95001220703125,226315,0.0,0.0
2026-03-06 23:20:00+05:30,409.9750061035156,410.20001220703125,409.7300109863281,409.9849853515625,156380,0.0,0.0
2026-03-06 23:25:00+05:30,410.0299987792969,410.1846923828125,409.6300048828125,409.739990234375,135999,0.0,0.0
2026-03-06 23:30:00+05:30,409.760009765625,410.3500061035156,409.7099914550781,409.80499267578125,153906,0.0,0.0
2026-03-06 23:35:00+05:30,409.8500061035156,410.17999267578125,409.7099914550781,409.9200134277344,146513,0.0,0.0
2026-03-06 23:40:00+05:30,409.9150085449219,411.0899963378906,409.45001220703125,410.94000244140625,235064,0.0,0.0
2026-03-06 23:45:00+05:30,410.9800109863281,411.1499938964844,410.42999267578125,411.0299987792969,186526,0.0,0.0
2026-03-06 23:50:00+05:30,411.0249938964844,411.1618957519531,410.1000061035156,410.510009765625,147161,0.0,0.0
2026-03-06 23:55:00+05:30,410.5299987792969,410.5350036621094,409.5299987792969,409.7900085449219,134524,0.0,0.0
2026-03-07 00:00:00+05:30,409.8299865722656,410.4200134277344,409.70001220703125,410.2449951171875,612991,0.0,0.0
2026-03-07 00:05:00+05:30,410.20001220703125,410.2699890136719,409.67999267578125,410.0810852050781,125410,0.0,0.0
2026-03-07 00:10:00+05:30,410.04998779296875,410.5592956542969,409.9949951171875,410.42999267578125,113269,0.0,0.0
2026-03-07 00:15:00+05:30,410.42999267578125,410.67999267578125,410.0799865722656,410.3800048828125,111636,0.0,0.0
2026-03-07 00:20:00+05:30,410.3999938964844,410.4800109863281,409.7312927246094,410.06500244140625,142533,0.0,0.0
2026-03-07 00:25:00+05:30,410.06500244140625,410.1400146484375,409.6499938964844,409.7900085449219,540097,0.0,0.0
2026-03-07 00:30:00+05:30,409.79998779296875,410.1505126953125,409.79998779296875,409.9800109863281,141475,0.0,0.0
2026-03-07 00:35:00+05:30,409.9700012207031,411.19000244140625,409.8999938964844,410.5899963378906,190838,0.0,0.0
2026-03-07 00:40:00+05:30,410.6050109863281,411.3599853515625,410.6050109863281,411.1000061035156,190765,0.0,0.0
2026-03-07 00:45:00+05:30,411.07000732421875,411.3086853027344,410.260009765625,410.5899963378906,226488,0.0,0.0
2026-03-07 00:50:00+05:30,410.55999755859375,410.90850830078125,409.79998779296875,409.80999755859375,211397,0.0,0.0
2026-03-07 00:55:00+05:30,409.8399963378906,410.54998779296875,409.67498779296875,409.9305114746094,198225,0.0,0.0
2026-03-07 01:00:00+05:30,409.8999938964844,410.5199890136719,409.80999755859375,410.29998779296875,137388,0.0,0.0
2026-03-07 01:05:00+05:30,410.3500061035156,410.4800109863281,409.70001220703125,410.0400085449219,180671,0.0,0.0
2026-03-07 01:10:00+05:30,410.1099853515625,410.79998779296875,409.8872985839844,409.9049987792969,193020,0.0,0.0
2026-03-07 01:15:00+05:30,409.8800048828125,410.0,409.3599853515625,409.7099914550781,171463,0.0,0.0
2026-03-07 01:20:00+05:30,409.70001220703125,410.2250061035156,409.4200134277344,410.1700134277344,153405,0.0,0.0
2026-03-07 01:25:00+05:30,410.2300109863281,410.5899963378906,410.1600036621094,410.3900146484375,249778,0.0,0.0
2026-03-07 01:30:00+05:30,410.3699951171875,411.5799865722656,410.3699951171875,411.30999755859375,221706,0.0,0.0
2026-03-07 01:35:00+05:30,411.3299865722656,411.5,411.07000732421875,411.1000061035156,185061,0.0,0.0
2026-03-07 01:40:00+05:30,411.1000061035156,411.2749938964844,410.18499755859375,410.69000244140625,336155,0.0,0.0
2026-03-07 01:45:00+05:30,410.69000244140625,411.0,410.06500244140625,410.6499938964844,289779,0.0,0.0
2026-03-07 01:50:00+05:30,410.6199951171875,410.79998779296875,409.67999267578125,409.7101135253906,723838,0.0,0.0
2026-03-07 01:55:00+05:30,409.7300109863281,410.0400085449219,409.239990234375,409.3349914550781,314261,0.0,0.0
2026-03-07 02:00:00+05:30,409.3200988769531,409.7200012207031,408.9100036621094,409.1300048828125,406324,0.0,0.0
2026-03-07 02:05:00+05:30,409.1050109863281,409.44000244140625,408.5101013183594,409.3900146484375,724953,0.0,0.0
2026-03-07 02:10:00+05:30,409.4200134277344,410.1499938964844,408.99139404296875,409.7900085449219,393961,0.0,0.0
2026-03-07 02:15:00+05:30,409.7749938964844,409.82000732421875,409.1600036621094,409.2200927734375,901982,0.0,0.0
2026-03-07 02:20:00+05:30,409.29998779296875,409.5899963378906,408.8800048828125,409.4599914550781,491975,0.0,0.0
2026-03-07 02:25:00+05:30,409.3999938964844,409.5199890136719,408.6099853515625,408.6199951171875,1571133,0.0,0.0
2026-03-09 19:00:00+05:30,404.9150085449219,408.5,404.22198486328125,407.4418029785156,2001107,0.0,0.0
2026-03-09 19:05:00+05:30,407.489990234375,407.6199951171875,404.70001220703125,404.8900146484375,546458,0.0,0.0
2026-03-09 19:10:00+05:30,404.8900146484375,405.2349853515625,403.6199951171875,404.69000244140625,692457,0.0,0.0
2026-03-09 19:15:00+05:30,404.67999267578125,405.1499938964844,403.5,403.70001220703125,485533,0.0,0.0
2026-03-09 19:20:00+05:30,403.8299865722656,405.1300048828125,403.7699890136719,404.6700134277344,357674,0.0,0.0
2026-03-09 19:25:00+05:30,404.6400146484375,406.010009765625,404.4700012207031,405.5299987792969,448427,0.0,0.0
2026-03-09 19:30:00+05:30,405.45001220703125,407.46990966796875,404.989990234375,407.46990966796875,369853,0.0,0.0
2026-03-09 19:35:00+05:30,407.44000244140625,407.7298889160156,404.8999938964844,405.8099060058594,326061,0.0,0.0
2026-03-09 19:40:00+05:30,405.7300109863281,406.25,404.2449951171875,405.05450439453125,352306,0.0,0.0
2026-03-09 19:45:00+05:30,405.08990478515625,405.5899963378906,404.0400085449219,404.8399963378906,358895,0.0,0.0
2026-03-09 19:50:00+05:30,404.75,405.989990234375,404.3999938964844,405.6600036621094,317428,0.0,0.0
2026-03-09 19:55:00+05:30,405.6698913574219,406.3599853515625,404.7900085449219,405.07000732421875,257303,0.0,0.0
2026-03-09 20:00:00+05:30,405.05499267578125,406.0,404.6300048828125,405.4949951171875,386084,0.0,0.0
2026-03-09 20:05:00+05:30,405.55999755859375,406.8500061035156,405.04998779296875,406.4200134277344,286241,0.0,0.0
2026-03-09 20:10:00+05:30,406.4049987792969,406.6600036621094,405.6000061035156,406.6549987792969,199863,0.0,0.0
2026-03-09 20:15:00+05:30,406.70001220703125,407.82000732421875,406.5199890136719,407.7349853515625,332403,0.0,0.0
2026-03-09 20:20:00+05:30,407.79998779296875,408.4399108886719,407.45001220703125,408.4200134277344,308430,0.0,0.0
2026-03-09 20:25:00+05:30,408.4125061035156,408.6400146484375,407.2900085449219,407.4949951171875,297001,0.0,0.0
2026-03-09 20:30:00+05:30,407.57000732421875,407.93231201171875,407.2699890136719,407.4750061035156,321913,0.0,0.0
2026-03-09 20:35:00+05:30,407.4800109863281,407.760009765625,406.9649963378906,407.0199890136719,360987,0.0,0.0
2026-03-09 20:40:00+05:30,406.989990234375,408.32000732421875,406.69000244140625,408.30999755859375,388772,0.0,0.0
2026-03-09 20:45:00+05:30,408.3399963378906,409.1499938964844,408.0299987792969,408.375,371795,0.0,0.0
2026-03-09 20:50:00+05:30,408.3900146484375,409.1700134277344,408.1499938964844,408.70001220703125,208477,0.0,0.0
2026-03-09 20:55:00+05:30,408.69500732421875,408.8999938964844,408.25,408.5574951171875,208022,0.0,0.0
2026-03-09 21:00:00+05:30,408.56500244140625,409.0448913574219,408.19000244140625,408.3699951171875,238210,0.0,0.0
2026-03-09 21:05:00+05:30,408.375,408.8399963378906,408.07000732421875,408.44000244140625,239398,0.0,0.0
2026-03-09 21:10:00+05:30,408.4100036621094,408.92999267578125,408.2200012207031,408.6549987792969,218160,0.0,0.0
2026-03-09 21:15:00+05:30,408.6499938964844,408.9599914550781,408.2900085449219,408.3399963378906,245486,0.0,0.0
2026-03-09 21:20:00+05:30,408.3450012207031,408.40008544921875,407.7799987792969,408.3399963378906,249236,0.0,0.0
2026-03-09 21:25:00+05:30,408.32000732421875,408.4800109863281,407.9100036621094,408.1400146484375,238820,0.0,0.0
2026-03-09 21:30:00+05:30,408.1600036621094,408.6499938964844,407.8999938964844,408.29998779296875,282000,0.0,0.0
2026-03-09 21:35:00+05:30,408.2900085449219,408.6000061035156,408.04998779296875,408.17999267578125,168415,0.0,0.0
2026-03-09 21:40:00+05:30,408.17999267578125,408.2799987792969,407.5,407.6449890136719,283549,0.0,0.0
2026-03-09 21:45:00+05:30,407.6401062011719,408.0899963378906,407.4820861816406,407.7900085449219,117923,0.0,0.0
2026-03-09 21:50:00+05:30,407.8299865722656,407.95001220703125,407.1000061035156,407.3999938964844,240045,0.0,0.0
2026-03-09 21:55:00+05:30,407.4089050292969,408.25,406.80999755859375,406.88238525390625,232430,0.0,0.0
2026-03-09 22:00:00+05:30,406.94000244140625,407.0799865722656,406.0,406.9324951171875,335251,0.0,0.0
2026-03-09 22:05:00+05:30,406.87200927734375,407.29998779296875,406.7699890136719,407.2200012207031,178390,0.0,0.0
2026-03-09 22:10:00+05:30,407.20001220703125,407.79998779296875,407.1401062011719,407.2799987792969,175910,0.0,0.0
2026-03-09 22:15:00+05:30,407.2699890136719,407.59991455078125,407.0899963378906,407.2049865722656,171877,0.0,0.0
2026-03-09 22:20:00+05:30,407.1950988769531,407.32000732421875,406.8800048828125,407.1000061035156,134663,0.0,0.0
2026-03-09 22:25:00+05:30,407.1099853515625,407.79998779296875,407.0299987792969,407.13800048828125,157056,0.0,0.0
2026-03-09 22:30:00+05:30,407.17999267578125,407.20550537109375,406.510009765625,406.894287109375,137487,0.0,0.0
2026-03-09 22:35:00+05:30,406.8500061035156,407.1600036621094,406.625,407.0299987792969,112266,0.0,0.0
2026-03-09 22:40:00+05:30,407.0199890136719,407.1783142089844,406.70001220703125,406.95001220703125,93300,0.0,0.0
2026-03-09 22:45:00+05:30,406.8800048828125,407.04998779296875,406.0199890136719,406.1199951171875,134599,0.0,0.0
2026-03-09 22:50:00+05:30,406.0950012207031,406.1050109863281,405.54998779296875,405.6499938964844,187229,0.0,0.0
2026-03-09 22:55:00+05:30,405.6449890136719,405.6700134277344,405.04998779296875,405.17498779296875,183802,0.0,0.0
2026-03-09 23:00:00+05:30,405.1300048828125,405.2900085449219,404.94500732421875,405.0899963378906,191824,0.0,0.0
2026-03-09 23:05:00+05:30,405.0799865722656,405.3399963378906,404.9200134277344,405.04998779296875,133293,0.0,0.0
2026-03-09 23:10:00+05:30,405.0350036621094,405.1700134277344,404.45001220703125,404.760009765625,249958,0.0,0.0
2026-03-09 23:15:00+05:30,404.75,405.31988525390625,404.75,404.9125061035156,151115,0.0,0.0
2026-03-09 23:20:00+05:30,404.8900146484375,405.3299865722656,404.625,405.29998779296875,276105,0.0,0.0
2026-03-09 23:25:00+05:30,405.29998779296875,405.3500061035156,404.7799987792969,404.8599853515625,122114,0.0,0.0
2026-03-09 23:30:00+05:30,404.8900146484375,405.489990234375,404.8800048828125,405.2099914550781,239700,0.0,0.0
2026-03-09 23:35:00+05:30,405.2099914550781,405.489990234375,404.6499938964844,404.75,171979,0.0,0.0
2026-03-09 23:40:00+05:30,404.75,405.260009765625,404.6499938964844,405.06390380859375,165034,0.0,0.0
2026-03-09 23:45:00+05:30,405.05999755859375,405.3599853515625,404.91009521484375,405.2322082519531,204521,0.0,0.0
2026-03-09 23:50:00+05:30,405.239990234375,405.3999938964844,404.7300109863281,405.20001220703125,166066,0.0,0.0
2026-03-09 23:55:00+05:30,405.20001220703125,405.2799987792969,404.760009765625,405.010009765625,164197,0.0,0.0
2026-03-10 00:00:00+05:30,404.9700012207031,406.0,404.94500732421875,405.9599914550781,175754,0.0,0.0
2026-03-10 00:05:00+05:30,405.9200134277344,405.94000244140625,405.2699890136719,405.465087890625,557261,0.0,0.0
2026-03-10 00:10:00+05:30,405.4649963378906,405.5199890136719,405.2349853515625,405.32000732421875,137213,0.0,0.0
2026-03-10 00:15:00+05:30,405.29998779296875,405.6700134277344,405.2799987792969,405.510009765625,151713,0.0,0.0
2026-03-10 00:20:00+05:30,405.4599914550781,405.6000061035156,405.2099914550781,405.5159912109375,114741,0.0,0.0
2026-03-10 00:25:00+05:30,405.5199890136719,405.5199890136719,404.8299865722656,404.95001220703125,130344,0.0,0.0
2026-03-10 00:30:00+05:30,404.9800109863281,405.17999267578125,404.7300109863281,404.82501220703125,136013,0.0,0.0
2026-03-10 00:35:00+05:30,404.79998779296875,404.98980712890625,404.3999938964844,404.965087890625,177627,0.0,0.0
2026-03-10 00:40:00+05:30,404.9400939941406,405.1499938964844,404.6300048828125,404.9200134277344,150895,0.0,0.0
2026-03-10 00:45:00+05:30,404.8900146484375,406.6400146484375,404.67999267578125,406.510009765625,315868,0.0,0.0
2026-03-10 00:50:00+05:30,406.5199890136719,407.75,406.25,406.8450012207031,368466,0.0,0.0
2026-03-10 00:55:00+05:30,406.8450012207031,407.927001953125,406.4649963378906,407.8900146484375,270062,0.0,0.0
2026-03-10 01:00:00+05:30,407.885009765625,408.8399963378906,406.8699951171875,408.79998779296875,310655,0.0,0.0
2026-03-10 01:05:00+05:30,408.7749938964844,409.6300048828125,408.04998779296875,409.53900146484375,303591,0.0,0.0
2026-03-10 01:10:00+05:30,409.54998779296875,409.54998779296875,408.07000732421875,408.70001220703125,334340,0.0,0.0
2026-03-10 01:15:00+05:30,408.7300109863281,409.29998779296875,408.5,408.81500244140625,210538,0.0,0.0
2026-03-10 01:20:00+05:30,408.9100036621094,409.79998779296875,408.7300109863281,409.1000061035156,452622,0.0,0.0
2026-03-10 01:25:00+05:30,409.1099853515625,410.2099914550781,409.0400085449219,409.45001220703125,1637886,0.0,0.0
2026-03-10 19:00:00+05:30,410.0299987792969,410.20001220703125,407.04998779296875,407.62689208984375,1625316,0.0,0.0
2026-03-10 19:05:00+05:30,407.6700134277344,407.75,406.1400146484375,406.17999267578125,547866,0.0,0.0
2026-03-10 19:10:00+05:30,406.1499938964844,406.25,404.2449951171875,406.03961181640625,847628,0.0,0.0
2026-03-10 19:15:00+05:30,406.0,406.5199890136719,404.5400085449219,405.5899963378906,513019,0.0,0.0
2026-03-10 19:20:00+05:30,405.5429992675781,406.2699890136719,405.0299987792969,405.8599853515625,362430,0.0,0.0
2026-03-10 19:25:00+05:30,405.8800048828125,406.2099914550781,404.80999755859375,404.8900146484375,252670,0.0,0.0
2026-03-10 19:30:00+05:30,404.8999938964844,404.92999267578125,403.67999267578125,404.55999755859375,547764,0.0,0.0
2026-03-10 19:35:00+05:30,404.5400085449219,404.8800048828125,403.0,403.25,481403,0.0,0.0
2026-03-10 19:40:00+05:30,403.25,404.2300109863281,403.0199890136719,404.1199951171875,444422,0.0,0.0
2026-03-10 19:45:00+05:30,404.0899963378906,404.29998779296875,403.3800048828125,403.7200012207031,443454,0.0,0.0
2026-03-10 19:50:00+05:30,403.6700134277344,404.2699890136719,402.94000244140625,403.37939453125,535419,0.0,0.0
2026-03-10 19:55:00+05:30,403.3789978027344,404.70001220703125,403.19000244140625,404.4100036621094,479822,0.0,0.0
2026-03-10 20:00:00+05:30,404.42999267578125,405.0882873535156,404.0299987792969,404.9599914550781,375486,0.0,0.0
2026-03-10 20:05:00+05:30,404.9599914550781,405.739990234375,404.5603942871094,405.6700134277344,378454,0.0,0.0
2026-03-10 20:10:00+05:30,405.67449951171875,406.1000061035156,405.03009033203125,405.6044921875,375191,0.0,0.0
2026-03-10 20:15:00+05:30,405.6300048828125,405.8399963378906,405.2203063964844,405.6778869628906,265289,0.0,0.0
2026-03-10 20:20:00+05:30,405.7200012207031,405.95989990234375,405.5199890136719,405.7099914550781,235524,0.0,0.0
2026-03-10 20:25:00+05:30,405.7200012207031,406.19000244140625,405.6437072753906,406.04998779296875,241679,0.0,0.0
2026-03-10 20:30:00+05:30,406.05499267578125,406.6300048828125,405.8599853515625,406.260009765625,330353,0.0,0.0
2026-03-10 20:35:00+05:30,406.2799987792969,406.29998779296875,405.1000061035156,405.1199951171875,307262,0.0,0.0
2026-03-10 20:40:00+05:30,405.1300048828125,405.8599853515625,404.92999267578125,405.739990234375,347416,0.0,0.0
2026-03-10 20:45:00+05:30,405.7598876953125,406.6199951171875,405.54998779296875,406.56500244140625,270682,0.0,0.0
2026-03-10 20:50:00+05:30,406.5199890136719,406.6600036621094,405.9778137207031,406.135009765625,216273,0.0,0.0
2026-03-10 20:55:00+05:30,406.1700134277344,406.3599853515625,405.8699951171875,406.05999755859375,197273,0.0,0.0
2026-03-10 21:00:00+05:30,406.04998779296875,406.05999755859375,405.42999267578125,405.67999267578125,193593,0.0,0.0
2026-03-10 21:05:00+05:30,405.69000244140625,406.0899963378906,405.20001220703125,406.0899963378906,190554,0.0,0.0
2026-03-10 21:10:00+05:30,406.1199951171875,406.8699951171875,405.8844909667969,406.2799987792969,346087,0.0,0.0
2026-03-10 21:15:00+05:30,406.2900085449219,406.7200012207031,405.95001220703125,406.05999755859375,196552,0.0,0.0
2026-03-10 21:20:00+05:30,406.0899963378906,406.31988525390625,405.90008544921875,406.1099853515625,176733,0.0,0.0
2026-03-10 21:25:00+05:30,406.1099853515625,406.7099914550781,406.010009765625,406.5215148925781,268326,0.0,0.0
2026-03-10 21:30:00+05:30,406.5249938964844,406.7699890136719,406.260009765625,406.4549865722656,173315,0.0,0.0
2026-03-10 21:35:00+05:30,406.4599914550781,406.4739990234375,405.3999938964844,405.6700134277344,258285,0.0,0.0
2026-03-10 21:40:00+05:30,405.6650085449219,405.9800109863281,405.20001220703125,405.80999755859375,216508,0.0,0.0
2026-03-10 21:45:00+05:30,405.80999755859375,406.260009765625,405.6099853515625,406.114990234375,228289,0.0,0.0
2026-03-10 21:50:00+05:30,406.1199951171875,406.5784912109375,405.57000732421875,406.526611328125,265087,0.0,0.0
2026-03-10 21:55:00+05:30,406.5199890136719,407.3800048828125,406.4750061035156,407.260009765625,294532,0.0,0.0
2026-03-10 22:00:00+05:30,407.29998779296875,407.8500061035156,407.1400146484375,407.6400146484375,276198,0.0,0.0
2026-03-10 22:05:00+05:30,407.6000061035156,407.94000244140625,407.4049987792969,407.82000732421875,230948,0.0,0.0
2026-03-10 22:10:00+05:30,407.82000732421875,407.8699951171875,407.3999938964844,407.6000061035156,215044,0.0,0.0
2026-03-10 22:15:00+05:30,407.6000061035156,407.6600036621094,406.2799987792969,406.4599914550781,210050,0.0,0.0
2026-03-10 22:20:00+05:30,406.489990234375,407.0799865722656,406.29998779296875,406.8299865722656,151271,0.0,0.0
2026-03-10 22:25:00+05:30,406.8500061035156,406.8599853515625,406.0,406.0472106933594,160501,0.0,0.0
2026-03-10 22:30:00+05:30,406.0299987792969,406.57989501953125,405.8399963378906,406.3999938964844,226880,0.0,0.0
2026-03-10 22:35:00+05:30,406.42498779296875,406.6300048828125,406.1099853515625,406.4700012207031,163434,0.0,0.0
2026-03-10 22:40:00+05:30,406.4599914550781,406.54998779296875,405.8399963378906,406.0199890136719,161988,0.0,0.0
2026-03-10 22:45:00+05:30,406.0199890136719,406.69000244140625,405.9200134277344,406.60150146484375,264263,0.0,0.0
2026-03-10 22:50:00+05:30,406.6300048828125,406.6600036621094,406.04998779296875,406.260009765625,172246,0.0,0.0
2026-03-10 22:55:00+05:30,406.32000732421875,406.55999755859375,406.05999755859375,406.3800048828125,143080,0.0,0.0
2026-03-10 23:00:00+05:30,406.364990234375,406.3699951171875,405.29998779296875,405.3699951171875,225376,0.0,0.0
2026-03-10 23:05:00+05:30,405.4100036621094,405.49700927734375,404.6099853515625,405.0899963378906,263474,0.0,0.0
2026-03-10 23:10:00+05:30,405.05999755859375,405.57000732421875,404.9801025390625,405.29998779296875,303027,0.0,0.0
2026-03-10 23:15:00+05:30,405.30499267578125,405.80999755859375,405.239990234375,405.4200134277344,220375,0.0,0.0
2026-03-10 23:20:00+05:30,405.5,405.9599914550781,405.30999755859375,405.8500061035156,179712,0.0,0.0
2026-03-10 23:25:00+05:30,405.8599853515625,406.1153869628906,405.6499938964844,405.8500061035156,151672,0.0,0.0
2026-03-10 23:30:00+05:30,405.8550109863281,406.1300048828125,405.5350036621094,406.0199890136719,186556,0.0,0.0
2026-03-10 23:35:00+05:30,406.0400085449219,406.1300048828125,405.55999755859375,405.67999267578125,191949,0.0,0.0
2026-03-10 23:40:00+05:30,405.6549987792969,406.1499938964844,404.3800048828125,404.4493103027344,289078,0.0,0.0
2026-03-10 23:45:00+05:30,404.45001220703125,405.1300048828125,404.1400146484375,404.3599853515625,313775,0.0,0.0
2026-03-10 23:50:00+05:30,404.3299865722656,405.4100036621094,404.1499938964844,405.0273132324219,275483,0.0,0.0
2026-03-10 23:55:00+05:30,405.07000732421875,405.92999267578125,404.9501037597656,405.6600036621094,213439,0.0,0.0
2026-03-11 00:00:00+05:30,405.6400146484375,405.9599914550781,405.05999755859375,405.2049865722656,217478,0.0,0.0
2026-03-11 00:05:00+05:30,405.20001220703125,405.54998779296875,404.6300964355469,404.864990234375,441468,0.0,0.0
2026-03-11 00:10:00+05:30,404.8550109863281,405.25,404.57501220703125,404.6806945800781,234820,0.0,0.0
2026-03-11 00:15:00+05:30,404.67498779296875,405.0,404.5,404.6400146484375,244305,0.0,0.0
2026-03-11 00:20:00+05:30,404.6199951171875,405.1050109863281,404.5,404.7099914550781,185899,0.0,0.0
2026-03-11 00:25:00+05:30,404.79998779296875,405.0199890136719,404.2749938964844,404.5899963378906,231387,0.0,0.0
2026-03-11 00:30:00+05:30,404.5950012207031,404.6400146484375,403.8900146484375,404.0849914550781,368064,0.0,0.0
2026-03-11 00:35:00+05:30,404.0799865722656,404.6960144042969,404.0799865722656,404.4599914550781,227478,0.0,0.0
2026-03-11 00:40:00+05:30,404.45001220703125,404.70001220703125,404.16009521484375,404.6600036621094,189095,0.0,0.0
2026-03-11 00:45:00+05:30,404.6600036621094,404.697509765625,404.2799987792969,404.4800109863281,310800,0.0,0.0
2026-03-11 00:50:00+05:30,404.4649963378906,404.8699035644531,403.8800048828125,404.57000732421875,257937,0.0,0.0
2026-03-11 00:55:00+05:30,404.54998779296875,405.1499938964844,404.20001220703125,404.7001037597656,244852,0.0,0.0
2026-03-11 01:00:00+05:30,404.70001220703125,404.868896484375,404.29998779296875,404.59991455078125,237070,0.0,0.0
2026-03-11 01:05:00+05:30,404.55010986328125,404.7699890136719,404.33380126953125,404.5400085449219,279205,0.0,0.0
2026-03-11 01:10:00+05:30,404.55999755859375,405.0899963378906,404.260009765625,404.80999755859375,290877,0.0,0.0
2026-03-11 01:15:00+05:30,404.79998779296875,405.1300048828125,404.55999755859375,404.8599853515625,287812,0.0,0.0
2026-03-11 01:20:00+05:30,404.8699951171875,405.50750732421875,404.3900146484375,405.3299865722656,570932,0.0,0.0
2026-03-11 01:25:00+05:30,405.3299865722656,405.95001220703125,405.3299865722656,405.760009765625,1149510,0.0,0.0
2026-03-11 19:00:00+05:30,405.8399963378906,408.489990234375,405.760009765625,407.32501220703125,2454954,0.0,0.0
2026-03-11 19:05:00+05:30,407.32000732421875,409.010009765625,407.29998779296875,407.5450134277344,544542,0.0,0.0
2026-03-11 19:10:00+05:30,407.5675048828125,409.0,407.2200012207031,407.739990234375,364281,0.0,0.0
2026-03-11 19:15:00+05:30,407.55999755859375,408.4800109863281,407.1300048828125,407.2250061035156,279509,0.0,0.0
2026-03-11 19:20:00+05:30,407.2200012207031,407.3185119628906,406.3999938964844,406.6300048828125,245874,0.0,0.0
2026-03-11 19:25:00+05:30,406.6300048828125,407.2799987792969,406.2200012207031,407.2799072265625,265999,0.0,0.0
2026-03-11 19:30:00+05:30,407.2799987792969,408.32989501953125,406.989990234375,407.3450012207031,352450,0.0,0.0
2026-03-11 19:35:00+05:30,407.3450012207031,407.9700012207031,406.6400146484375,406.7991027832031,286740,0.0,0.0
2026-03-11 19:40:00+05:30,406.7799987792969,407.1799011230469,405.8500061035156,406.05999755859375,321831,0.0,0.0
2026-03-11 19:45:00+05:30,406.1383056640625,406.32000732421875,405.29998779296875,405.4100036621094,256621,0.0,0.0
2026-03-11 19:50:00+05:30,405.3999938964844,405.4599914550781,404.29998779296875,404.3699951171875,357815,0.0,0.0
2026-03-11 19:55:00+05:30,404.3900146484375,404.5799865722656,403.30499267578125,404.45001220703125,380950,0.0,0.0
2026-03-11 20:00:00+05:30,404.45001220703125,404.96990966796875,403.2449951171875,403.69500732421875,392177,0.0,0.0
2026-03-11 20:05:00+05:30,403.6700134277344,404.6000061035156,403.6600036621094,404.010009765625,232012,0.0,0.0
2026-03-11 20:10:00+05:30,404.0249938964844,405.0,403.7749938964844,404.7296142578125,279918,0.0,0.0
2026-03-11 20:15:00+05:30,404.6673889160156,404.70001220703125,403.739990234375,404.16009521484375,233750,0.0,0.0
2026-03-11 20:20:00+05:30,404.18499755859375,404.5,404.0400085449219,404.31500244140625,194484,0.0,0.0
2026-03-11 20:25:00+05:30,404.32000732421875,404.57501220703125,403.8299865722656,404.260009765625,245632,0.0,0.0
2026-03-11 20:30:00+05:30,404.29998779296875,404.6000061035156,403.6000061035156,404.1099853515625,737098,0.0,0.0
2026-03-11 20:35:00+05:30,404.07000732421875,404.139892578125,403.239990234375,403.32000732421875,244183,0.0,0.0
2026-03-11 20:40:00+05:30,403.30999755859375,403.42999267578125,401.5899963378906,401.9599914550781,532868,0.0,0.0
2026-03-11 20:45:00+05:30,401.9599914550781,402.54998779296875,401.6400146484375,402.4849853515625,214907,0.0,0.0
2026-03-11 20:50:00+05:30,402.5,403.2149963378906,402.4100036621094,403.1000061035156,250871,0.0,0.0
2026-03-11 20:55:00+05:30,403.17999267578125,403.45001220703125,402.7300109863281,402.7300109863281,235724,0.0,0.0
2026-03-11 21:00:00+05:30,402.8399963378906,403.4599914550781,402.3399963378906,403.30999755859375,347324,0.0,0.0
2026-03-11 21:05:00+05:30,403.3699951171875,403.614990234375,402.5,402.7699890136719,189527,0.0,0.0
2026-03-11 21:10:00+05:30,402.79998779296875,403.20001220703125,402.5899963378906,402.67999267578125,247378,0.0,0.0
2026-03-11 21:15:00+05:30,402.7099914550781,402.989990234375,402.1400146484375,402.5899963378906,186652,0.0,0.0
2026-03-11 21:20:00+05:30,402.6099853515625,403.4399108886719,402.6000061035156,403.3299865722656,166780,0.0,0.0
2026-03-11 21:25:00+05:30,403.32000732421875,403.4549865722656,402.9100036621094,403.0799865722656,173278,0.0,0.0
2026-03-11 21:30:00+05:30,403.05499267578125,403.07000732421875,402.0873107910156,402.0950012207031,257440,0.0,0.0
2026-03-11 21:35:00+05:30,402.05999755859375,402.82501220703125,401.8800048828125,402.5899963378906,129576,0.0,0.0
2026-03-11 21:40:00+05:30,402.6105041503906,403.20001220703125,402.3999938964844,403.1600036621094,138808,0.0,0.0
2026-03-11 21:45:00+05:30,403.19000244140625,403.29998779296875,402.6400146484375,402.6600036621094,120677,0.0,0.0
2026-03-11 21:50:00+05:30,402.6600036621094,403.131591796875,402.4599914550781,403.0899963378906,128942,0.0,0.0
2026-03-11 21:55:00+05:30,403.07000732421875,403.3299865722656,402.80999755859375,403.2799987792969,145447,0.0,0.0
2026-03-11 22:00:00+05:30,403.25,403.8399963378906,403.25,403.5899963378906,164134,0.0,0.0
2026-03-11 22:05:00+05:30,403.5799865722656,403.7300109863281,403.17999267578125,403.3800048828125,129299,0.0,0.0
2026-03-11 22:10:00+05:30,403.3299865722656,403.75,403.25,403.3399963378906,94235,0.0,0.0
2026-03-11 22:15:00+05:30,403.3399963378906,403.75,403.0,403.3450012207031,123334,0.0,0.0
2026-03-11 22:20:00+05:30,403.3500061035156,403.79998779296875,403.30999755859375,403.7601013183594,153367,0.0,0.0
2026-03-11 22:25:00+05:30,403.70941162109375,403.9800109863281,403.65008544921875,403.760009765625,96911,0.0,0.0
2026-03-11 22:30:00+05:30,403.75,404.1549987792969,403.70599365234375,403.9100036621094,125705,0.0,0.0
2026-03-11 22:35:00+05:30,403.9100036621094,404.17999267578125,403.8599853515625,404.1050109863281,127748,0.0,0.0
2026-03-11 22:40:00+05:30,404.1199951171875,404.1199951171875,403.6499938964844,404.0,110162,0.0,0.0
2026-03-11 22:45:00+05:30,404.0400085449219,404.1098937988281,403.55999755859375,403.6400146484375,84195,0.0,0.0
2026-03-11 22:50:00+05:30,403.6650085449219,404.25,403.5799865722656,404.2250061035156,87569,0.0,0.0
2026-03-11 22:55:00+05:30,404.2300109863281,404.4849853515625,404.135009765625,404.25,100004,0.0,0.0
2026-03-11 23:00:00+05:30,404.239990234375,404.3854064941406,403.95001220703125,404.19000244140625,98000,0.0,0.0
2026-03-11 23:05:00+05:30,404.2200012207031,404.3999938964844,402.0849914550781,402.7449951171875,392414,0.0,0.0
2026-03-11 23:10:00+05:30,402.80999755859375,403.05999755859375,402.3999938964844,402.8301086425781,140452,0.0,0.0
2026-03-11 23:15:00+05:30,402.8599853515625,403.385009765625,402.6700134277344,403.385009765625,122376,0.0,0.0
2026-03-11 23:20:00+05:30,403.4200134277344,404.0,403.4200134277344,403.510009765625,109557,0.0,0.0
2026-03-11 23:25:00+05:30,403.4700012207031,403.69000244140625,403.1499938964844,403.55999755859375,104566,0.0,0.0
2026-03-11 23:30:00+05:30,403.5249938964844,403.7699890136719,403.2799987792969,403.6300048828125,108956,0.0,0.0
2026-03-11 23:35:00+05:30,403.6199951171875,403.7699890136719,402.9775085449219,403.010009765625,90762,0.0,0.0
2026-03-11 23:40:00+05:30,403.04998779296875,403.5299987792969,402.80999755859375,403.4599914550781,176977,0.0,0.0
2026-03-11 23:45:00+05:30,403.4750061035156,403.79998779296875,403.2300109863281,403.510009765625,124652,0.0,0.0
2026-03-11 23:50:00+05:30,403.5299987792969,403.8500061035156,403.3999938964844,403.6199951171875,107254,0.0,0.0
2026-03-11 23:55:00+05:30,403.6499938964844,403.8999938964844,403.45001220703125,403.635009765625,104944,0.0,0.0
2026-03-12 00:00:00+05:30,403.6496887207031,404.0599060058594,403.6200866699219,404.04998779296875,123197,0.0,0.0
2026-03-12 00:05:00+05:30,404.0299987792969,404.114990234375,403.739990234375,403.7699890136719,117466,0.0,0.0
2026-03-12 00:10:00+05:30,403.78009033203125,403.8399963378906,403.53350830078125,403.6400146484375,93633,0.0,0.0
2026-03-12 00:15:00+05:30,403.6449890136719,403.7099914550781,403.2699890136719,403.3800048828125,83398,0.0,0.0
2026-03-12 00:20:00+05:30,403.4100036621094,404.1499938964844,403.4100036621094,404.0400085449219,105171,0.0,0.0
2026-03-12 00:25:00+05:30,404.1000061035156,404.3900146484375,404.07000732421875,404.3349914550781,205677,0.0,0.0
2026-03-12 00:30:00+05:30,404.3351135253906,404.5,403.7300109863281,403.8450012207031,157050,0.0,0.0
2026-03-12 00:35:00+05:30,403.8450012207031,404.24920654296875,403.7699890136719,404.0199890136719,126319,0.0,0.0
2026-03-12 00:40:00+05:30,404.04998779296875,404.0899963378906,403.6700134277344,403.739990234375,116124,0.0,0.0
2026-03-12 00:45:00+05:30,403.7200012207031,403.8800048828125,403.57000732421875,403.81988525390625,155381,0.0,0.0
2026-03-12 00:50:00+05:30,403.7900085449219,403.9049987792969,403.3450012207031,403.6300048828125,165928,0.0,0.0
2026-03-12 00:55:00+05:30,403.614990234375,403.8900146484375,403.5799865722656,403.79998779296875,144314,0.0,0.0
2026-03-12 01:00:00+05:30,403.82501220703125,404.3999938964844,403.75,404.3599853515625,174899,0.0,0.0
2026-03-12 01:05:00+05:30,404.3800048828125,404.4800109863281,404.0899963378906,404.260009765625,136241,0.0,0.0
2026-03-12 01:10:00+05:30,404.260009765625,404.5,404.1700134277344,404.4150085449219,173262,0.0,0.0
2026-03-12 01:15:00+05:30,404.4150085449219,404.54998779296875,404.1499938964844,404.2699890136719,276328,0.0,0.0
2026-03-12 01:20:00+05:30,404.32000732421875,404.7799987792969,404.0899963378906,404.70001220703125,323859,0.0,0.0
2026-03-12 01:25:00+05:30,404.7099914550781,405.1549987792969,404.6199951171875,404.82000732421875,1026552,0.0,0.0
2026-03-12 19:00:00+05:30,404.8399963378906,405.7699890136719,403.85009765625,404.4649963378906,1575166,0.0,0.0
2026-03-12 19:05:00+05:30,404.4200134277344,404.8299865722656,403.9100036621094,404.6499938964844,388635,0.0,0.0
2026-03-12 19:10:00+05:30,404.6466979980469,405.1400146484375,404.0899963378906,404.4200134277344,338037,0.0,0.0
2026-03-12 19:15:00+05:30,404.4200134277344,404.635009765625,403.0299987792969,404.2749938964844,372167,0.0,0.0
2026-03-12 19:20:00+05:30,404.31500244140625,404.7300109863281,402.5299987792969,402.55999755859375,289159,0.0,0.0
2026-03-12 19:25:00+05:30,402.5299987792969,403.0799865722656,401.81500244140625,402.7099914550781,276387,0.0,0.0
2026-03-12 19:30:00+05:30,402.70001220703125,403.7598876953125,402.6700134277344,403.1449890136719,297944,0.0,0.0
2026-03-12 19:35:00+05:30,403.0899963378906,403.8399963378906,402.6000061035156,403.31500244140625,434465,0.0,0.0
2026-03-12 19:40:00+05:30,403.3399963378906,404.54998779296875,403.2799987792969,404.3800048828125,300433,0.0,0.0
2026-03-12 19:45:00+05:30,404.4100036621094,404.6600036621094,403.15008544921875,403.67999267578125,214342,0.0,0.0
2026-03-12 19:50:00+05:30,403.6000061035156,404.276611328125,403.2799987792969,404.1706848144531,193941,0.0,0.0
2026-03-12 19:55:00+05:30,404.29998779296875,404.6000061035156,403.5199890136719,403.5199890136719,203090,0.0,0.0
2026-03-12 20:00:00+05:30,403.4849853515625,403.760009765625,402.8299865722656,403.42498779296875,317962,0.0,0.0
2026-03-12 20:05:00+05:30,403.4100036621094,403.864990234375,402.92999267578125,403.4549865722656,285581,0.0,0.0
2026-03-12 20:10:00+05:30,403.4599914550781,404.7300109863281,403.1499938964844,404.7099914550781,241832,0.0,0.0
2026-03-12 20:15:00+05:30,404.69500732421875,405.80999755859375,404.5,404.95001220703125,301772,0.0,0.0
2026-03-12 20:20:00+05:30,404.95001220703125,405.67999267578125,404.55999755859375,405.510009765625,298654,0.0,0.0
2026-03-12 20:25:00+05:30,405.5400085449219,405.70001220703125,404.8999938964844,405.1050109863281,207983,0.0,0.0
2026-03-12 20:30:00+05:30,405.1199951171875,405.4800109863281,404.07000732421875,404.260009765625,246240,0.0,0.0
2026-03-12 20:35:00+05:30,404.2699890136719,404.5249938964844,403.9612121582031,403.9800109863281,259056,0.0,0.0
2026-03-12 20:40:00+05:30,403.9700012207031,404.135009765625,402.7300109863281,403.0198974609375,259125,0.0,0.0
2026-03-12 20:45:00+05:30,402.9849853515625,403.3500061035156,402.4132080078125,403.239990234375,274213,0.0,0.0
2026-03-12 20:50:00+05:30,403.19000244140625,404.0899963378906,403.1600036621094,403.5199890136719,270370,0.0,0.0
2026-03-12 20:55:00+05:30,403.5,404.010009765625,403.3999938964844,403.6499938964844,274203,0.0,0.0
2026-03-12 21:00:00+05:30,403.6400146484375,403.989990234375,403.3800048828125,403.6099853515625,143620,0.0,0.0
2026-03-12 21:05:00+05:30,403.6199951171875,404.3299865722656,402.91009521484375,404.25,211067,0.0,0.0
2026-03-12 21:10:00+05:30,404.2699890136719,404.3500061035156,403.5199890136719,403.8460998535156,199824,0.0,0.0
